outcome,policy,h,theta_A,P_A,lo,hi,se_theta_A,ci_theta_lo,ci_theta_hi,im_lo,im_hi,lam_star
ip,1,1,0.5966970829803623,0.6691729323308271,-1.030494877780954,1.2139009225046027,0.218065127382392,0.45022532493567924,1.1382511287947492,-1.5789024682223247,1.500502474031753,1.8036525462815498
ip,1,2,0.8322314229586338,0.6691729323308271,-1.3933796509087701,1.469092052376523,0.287681686379368,0.6828290860052455,1.5418231314275628,-2.1512125285691335,1.83701261952156,2.515608619397689
ip,1,3,0.8527869637485807,0.6691729323308271,-1.605641502867261,1.6944319172507187,0.37227866081792305,0.6068927184908441,1.7661094732463967,-2.4320050110043083,2.1583872865125877,2.577742413149119
ip,1,4,1.2813405779920073,0.6691729323308271,-1.724787503273329,2.2387324662714163,0.464781499542153,0.9524724052042777,2.39024059094348,-2.748158483222503,2.7815657294487517,3.873143110748568
ip,1,5,1.3076883810427091,0.6691729323308271,-2.440844873589137,2.537691156171123,0.48673942054599234,0.999089352935894,2.4612852116129327,-3.698663926134577,3.1742097907606386,3.952785333606371
ip,1,6,1.4789467740895752,0.6691729323308271,-2.8496973095068188,2.887758511939149,0.5537520792357475,1.033836193407084,2.7691049438416506,-4.298754951891206,3.6184370419781207,4.47045274895258
ip,1,7,1.5349744203597635,0.6691729323308271,-3.0002602142847183,3.163227866439343,0.6401593965794523,0.9687652449516646,3.010675732436657,-4.534520119265646,3.9867332591532354,4.639809043360194
ip,1,8,1.837236959539879,0.6691729323308271,-3.2798139431404953,3.5840969706987638,0.787114401771717,1.152294264058634,3.62593040167758,-5.035270124401341,4.532533618711113,5.553466264063726
ip,1,9,1.8379350890832071,0.6691729323308271,-3.6576537401703337,3.7956313346449004,0.8725216667283875,1.0176406178694584,3.7804809106207715,-5.5528826605251185,4.849983758604783,5.55557651927424
ip,1,10,2.34646854277384,0.6691729323308271,-3.7172247250765884,4.369202679642096,1.0419968691328996,1.4437486932201602,4.742737048782609,-5.828241898946745,5.551038579967079,7.092734458839107
ip,1,11,2.2005720426624373,0.6691729323308271,-4.078495382908806,4.338711444421144,1.0359804207683672,1.2277981184285536,4.543366531716574,-6.22724685385714,5.573450206665264,6.651729128956913
ip,1,12,1.889237134236332,0.6691729323308271,-4.50259747711811,4.185844099167723,0.9658605102370991,0.8483661817689261,4.023463920058459,-6.656345851834046,5.4212243398732305,5.7106486103052765
ip,1,13,1.6940435236485472,0.6691729323308271,-4.8120765447805836,4.222010957534904,0.9601623760961651,0.6132527145667135,3.759723983992522,-6.978235064040302,5.512821292241187,5.120631560119472
ip,1,14,1.3782086696559543,0.6691729323308271,-5.378823668206414,4.066300239496162,0.8844064626752094,0.38443949459829563,3.2077282609938864,-7.589070015755253,5.381374445732823,4.165948933278226
ip,1,15,1.3355527679543142,0.6691729323308271,-5.537221945741173,4.203066948456993,0.9210145839725097,0.260691296314969,3.288919820698424,-7.789934016117426,5.603455469402583,4.037011775861904
ip,1,16,1.4904733268584784,0.6691729323308271,-5.6094184350381475,4.361630735815641,0.9420147685306323,0.3702174059768417,3.550945306738239,-7.927408701065459,5.780493718333755,4.505294374367674
ip,1,17,0.9773529070199667,0.6691729323308271,-6.1520917701646045,4.0165452791566425,0.8207713115074666,-0.0995637231029769,2.6632190962716984,-8.432316017555227,5.446945383542553,2.954271287128536
ip,1,18,1.2836902356864837,0.6691729323308271,-6.101251687114703,4.341597135485447,1.003422027158726,0.09908606171559642,3.466261074376952,-8.505060060148388,5.85218089177533,3.880245485143235
ip,1,19,1.1185821026723055,0.6691729323308271,-6.323847383580153,4.344361135438288,1.0222264426168104,-0.09389197112707448,3.326837635655697,-8.74092122313668,5.913206166962945,3.3811686285321962
ip,1,20,0.9085884370515784,0.6691729323308271,-6.493904404979936,4.300640191079063,1.0298259289220428,-0.24439932162039169,3.160251217952954,-8.875967689155654,5.916872229931726,2.7464150483604532
ip,1,21,0.6431322070477377,0.6691729323308271,-6.845935671784986,4.261075569354759,1.009522314069149,-0.6356481066038475,2.7699748457507787,-9.253220624686657,5.924583491378799,1.94401326221248
ip,1,22,0.5163905628924181,0.6691729323308271,-6.967161869169102,4.297774663177668,1.0067636342591537,-0.8250272573432818,2.5242599453282337,-9.363916668108992,5.997503536761408,1.5609078378339003
ip,1,23,-0.21279453592690142,0.6691729323308271,-7.464124761255475,3.8574688710896408,0.948762158715675,-1.684704182010492,1.4846801559459049,-9.770175699933544,5.611602033097538,0.6432198472335884
ip,1,24,0.32169402789435736,0.6691729323308271,-7.188518466508993,4.301956471075571,1.1766292438151655,-1.2942487357156165,2.5767849889114163,-9.627325811480771,6.142746618117335,0.972393311589762
ip,-1,1,-0.3893876077856613,0.593984962406015,-2.094417325575747,0.8185219045821029,0.14196471155704965,-0.6059576056279468,-0.14698992680423972,-2.611505921895926,1.2107814613109926,0.9590472562128322
ip,-1,2,-0.20460479359135184,0.593984962406015,-2.7612478253290385,0.9538750236157028,0.24388215856374457,-0.5047399981886449,0.27506541828221226,-3.518173214338639,1.4099408162528166,0.5039340286601812
ip,-1,3,-0.36626168900518186,0.593984962406015,-3.2397339818223907,1.0433400315222214,0.26154652630597225,-0.7511718354407236,0.07855534474176162,-4.100760624767299,1.5724869739823113,0.9020889747720218
ip,-1,4,-0.4568075432905538,0.593984962406015,-3.8268691656152365,1.317273773581135,0.4000864082325595,-1.0779506923937587,0.16361494799423337,-4.8604374960942005,1.982034309351075,1.125100060326734
ip,-1,5,-0.5033104636725979,0.593984962406015,-4.9589768804605745,1.5025273283772105,0.4723523733308038,-1.1529972893095644,0.35150555428832586,-6.309232451920282,2.2927942356577993,1.2396350308973243
ip,-1,6,-0.37907790075970393,0.593984962406015,-5.66241869873999,1.7840665163281817,0.4934755842411044,-1.1669623219860608,0.4097157775510325,-7.285420495952302,2.6432075124664474,0.9336548296489002
ip,-1,7,-0.24875192731200763,0.593984962406015,-5.936122835555039,2.0632978649591696,0.49372020341729794,-1.0167251322685398,0.5746237301798512,-7.689215738269882,2.9785288866538453,0.6126667839351297
ip,-1,8,-0.21949066795234365,0.593984962406015,-6.623524183476492,2.2849559387404192,0.5477982823757919,-0.9801803540674403,0.770250794401242,-8.596838128124167,3.297663777838208,0.5405973858826241
ip,-1,9,-0.3219487773786646,0.593984962406015,-7.226924628094504,2.44648791581463,0.5664116966284714,-1.1503756130871028,0.6969360418477043,-9.358308471379491,3.5546177298823283,0.792947914654859
ip,-1,10,-0.7143364743028362,0.593984962406015,-7.878792454579321,2.6163580068640804,0.5939491581142478,-1.701831599005604,0.2537059040713805,-10.097302072881057,3.8655041278527316,1.7593842793014296
ip,-1,11,-0.9808515389945933,0.593984962406015,-8.345795628552986,2.5786642962795026,0.6965533439710897,-2.360572452116209,-0.1207231539646565,-10.669691312812605,3.9194403728565996,2.415801012708905
ip,-1,12,-1.4150155534151372,0.593984962406015,-8.823369150131962,2.453118853132633,0.8093341080394693,-3.1994309651845447,-0.4920394798757495,-11.185873410473022,3.9213846150332605,3.485130900078022
ip,-1,13,-1.815523115936102,0.593984962406015,-9.27906491518063,2.446027375058621,0.9383610641330925,-3.9629736565054214,-0.9022264997990259,-11.701807867368837,4.045100997495814,4.471566192953732
ip,-1,14,-1.9975584084824778,0.593984962406015,-9.781859797307957,2.47670527439113,1.0957268530407271,-4.575429227876279,-0.960446052238773,-12.328809631964507,4.204065063934309,4.919912376447583
ip,-1,15,-2.072233861967104,0.593984962406015,-10.055218061194946,2.586433482338844,1.2522321324904224,-4.9830305004789865,-0.8084471585272763,-12.701736370147618,4.442824108078152,5.103835252622681
ip,-1,16,-2.269378645612528,0.593984962406015,-10.204841198322935,2.7363077255511317,1.2826797948234079,-5.259985800215253,-1.0297958053499108,-12.832911719875005,4.6796682566497925,5.589395553082706
ip,-1,17,-2.2361107131870215,0.593984962406015,-10.456308576545823,2.741284189594519,1.2461927132706418,-5.211104590144196,-1.031027443044342,-13.129397814064292,4.6927806208074845,5.507457867664329
ip,-1,18,-2.1247223127316697,0.593984962406015,-10.65858098964088,2.894903652457188,1.2152985029074268,-4.975344096478782,-0.9017594641589017,-13.381360533636265,4.869918803144942,5.233112362839111
ip,-1,19,-2.0874920414202305,0.593984962406015,-10.795001258646069,3.0509715000799926,1.2020352754746373,-5.04266157660462,-0.9096119562032632,-13.523041985785058,5.06924273619403,5.141415583497974
ip,-1,20,-1.736603321100272,0.593984962406015,-10.532538696553774,3.4774021621610975,1.2888681318333752,-4.827876898664754,-0.4030925959559646,-13.265043246719863,5.5675244773625145,4.277189661228447
ip,-1,21,-1.884641317926337,0.593984962406015,-10.857283567479392,3.5581991071913377,1.2816525787545783,-4.973716492254886,-0.5654956338183017,-13.638045542758816,5.701180247196536,4.641801764522274
ip,-1,22,-2.0888014261196175,0.593984962406015,-10.924843055001489,3.6956064869804894,1.3512330251569182,-5.427401036593382,-0.8447247829818281,-13.693632661568987,5.928340510657346,5.144640549516835
ip,-1,23,-2.1324845815832165,0.593984962406015,-10.994213462451834,3.6997697625067207,1.426790843673119,-5.631184998501654,-0.7915339232414671,-13.805279967639184,5.981923470194458,5.252230543529032
ip,-1,24,-2.2235699924954746,0.593984962406015,-11.13199227959407,3.7811773202497276,1.4811816459144171,-5.817579710114872,-0.8542438794189171,-13.973654841547415,6.139498588907914,5.476570537072186
unrate,1,1,-0.05640166621014383,0.6691729323308271,-0.18768448867614226,0.13036062410581303,0.028402301549983248,-0.11392001048238347,-0.023091191253759524,-0.23580891109793528,0.19394883133576335,0.17048685468066205
unrate,1,2,-0.13641821531141357,0.6691729323308271,-0.2954470824336396,0.23462810553628544,0.057060182439486726,-0.2661367667776891,-0.10232915078381974,-0.3685870563572125,0.36122904977717146,0.41235505991859106
unrate,1,3,-0.24661136747590556,0.6691729323308271,-0.41955476405087805,0.2872121532423553,0.12534192329699154,-0.5068106403918871,-0.1568709509516339,-0.5450193777111159,0.488562563857968,0.7454389062339873
unrate,1,4,-0.29524083092869463,0.6691729323308271,-0.4775639489500859,0.3705563518017936,0.11965568927169995,-0.5627772068044126,-0.21597361220987837,-0.6086256589666665,0.6121108641430205,0.892432511670827
unrate,1,5,-0.2716502176258421,0.6691729323308271,-0.5169023922919768,0.47257129191854985,0.1057762644545656,-0.5100128231469403,-0.20376021375996556,-0.6527461915720782,0.7329135524255881,0.821124521459932
unrate,1,6,-0.3294868732551198,0.6691729323308271,-0.5828743906906593,0.5479526769785141,0.13468296805216956,-0.6249697860018725,-0.23562772552274835,-0.7446192850091532,0.860751046781317,0.995948957793885
unrate,1,7,-0.3902646601409878,0.6691729323308271,-0.7077258675881938,0.5997929294042876,0.15232014572208843,-0.7093441870742536,-0.2788539367570668,-0.8916362051668006,0.9562109020196292,1.1796636317898042
unrate,1,8,-0.40633851370201474,0.6691729323308271,-0.7595127649713548,0.724697761344435,0.18076763649145083,-0.7912151652128574,-0.2610455359792665,-0.9767672582672795,1.1307959162548278,1.2282505073265446
unrate,1,9,-0.5446143279796786,0.6691729323308271,-0.8905926142987413,0.6642946037463715,0.23230236765595835,-1.0434198484441022,-0.3848017250594177,-1.1398858019888523,1.1097870973502728,1.6462205823022102
unrate,1,10,-0.5971691959120553,0.6691729323308271,-0.9676229085510882,0.6932793470880095,0.24722298002829826,-1.1475933815933637,-0.4318109591678335,-1.2334633815711782,1.169504908955933,1.8050796149159856
unrate,1,11,-0.4995408307207698,0.6691729323308271,-0.9000218555725774,0.8315570917958438,0.22041225446625626,-0.9783271540704794,-0.31929513722543656,-1.1611876234911527,1.3082340928877314,1.5099756928605088
unrate,1,12,-0.5957123697330191,0.6691729323308271,-1.0063937816006225,0.8312002033617831,0.266529817657415,-1.1800110732972027,-0.3895996706964464,-1.3031137692639088,1.352730558420574,1.8006760266929898
unrate,1,13,-0.6173202107620622,0.6691729323308271,-1.0409917482826772,0.9379556201383756,0.26254373454729546,-1.2146244654056726,-0.41766820211007716,-1.3503855703325707,1.497495957538268,1.8659906370762336
unrate,1,14,-0.3483356282727598,0.6691729323308271,-0.894158884563151,1.155465175587225,0.17640797881069198,-0.705051238609845,-0.12870119447745243,-1.1813264355098214,1.6754542323869575,1.0529236036426604
unrate,1,15,-0.46154651080159464,0.6691729323308271,-0.9281290972994503,1.0861566169862642,0.2068938128828538,-0.9228253032499915,-0.24759414097048393,-1.2223844300622004,1.6307558347429287,1.395129225832093
unrate,1,16,-0.4673613912555956,0.6691729323308271,-0.9901500287505945,1.1301507231291041,0.21147045032718548,-0.9148298874666495,-0.21477485850468536,-1.2968458317915719,1.6923392209841859,1.4127060235680504
unrate,1,17,-0.36916577895029956,0.6691729323308271,-0.9164339203710667,1.274543523237956,0.18572199594958871,-0.7344302811956309,-0.11291797213277044,-1.2248302121893564,1.8414411991336035,1.1158874681906783
unrate,1,18,-0.3720769935771935,0.6691729323308271,-0.9482056046533791,1.3487868765496283,0.1880112061178425,-0.7385438911798595,-0.10517760617341454,-1.2703442618683454,1.9414283699426793,1.1246872760401532
unrate,1,19,-0.3455484831770399,0.6691729323308271,-0.9362524826013463,1.360739998601661,0.2111413771247929,-0.7519556320328032,-0.053131767773033634,-1.268088122387744,1.9506155613782918,1.0444988241487798
unrate,1,20,-0.3515787726810242,0.6691729323308271,-0.9398120172995739,1.4278571556327568,0.22652491621151277,-0.807012116535673,-0.05156969833671232,-1.2840754038342617,2.045361389290358,1.0627267446949142
unrate,1,21,-0.271848100836529,0.6691729323308271,-0.895615163259503,1.4720540096728274,0.2114025319411325,-0.6739480449915167,0.017654736725555953,-1.2376453042976616,2.0722094426086732,0.8217226684376899
unrate,1,22,-0.2683144094571816,0.6691729323308271,-0.8753690964234653,1.5276384223735273,0.21606124159590423,-0.6680839084042148,0.03759327069577767,-1.2196484385906001,2.1481652671418,0.8110412831319354
unrate,1,23,-0.24103886772539815,0.6691729323308271,-0.8946165829714169,1.6144059734195604,0.21240559251978255,-0.6261332404077347,0.07706943209972156,-1.2500241123335676,2.2494489608815047,0.7285947592608626
unrate,1,24,-0.24168988311720596,0.6691729323308271,-0.9096018114880068,1.6347590907676326,0.23628478508303455,-0.6549644753047378,0.12300231755324031,-1.278245830013615,2.286423777616945,0.7305626012406453
unrate,-1,1,0.033306592088436664,0.593984962406015,-0.16064771130083397,0.2521342435863846,0.0371472337639769,-0.016071073720214976,0.10561429008025736,-0.22393290492770387,0.32206775363383505,0.08203290273633473
unrate,-1,2,0.06523459263760578,0.593984962406015,-0.20160433117111473,0.4863655936409157,0.05847010788528945,-0.03131973759740672,0.15372418620446418,-0.2972058530921292,0.6138576791956054,0.1606703855703994
unrate,-1,3,0.05500039630266279,0.593984962406015,-0.22278397102173877,0.6945092620609683,0.08693960053048364,-0.09149749913946575,0.18736921211277463,-0.33528695468020675,0.8959030748819717,0.1354639390417435
unrate,-1,4,0.17011190716117566,0.593984962406015,-0.1909918498717993,0.9097600298274485,0.10199066838940733,0.004177256352575598,0.3434708257871418,-0.3340422234254694,1.1389868288042329,0.4189793268969696
unrate,-1,5,0.20043996850625237,0.593984962406015,-0.2207759055419941,1.0634346207737957,0.1047610567035697,0.015775593937446764,0.36058599278878084,-0.38125811934084297,1.3286234167147841,0.4936762187283622
unrate,-1,6,0.19468770187122506,0.593984962406015,-0.24179746140881905,1.2258717115235123,0.12916853676543918,-0.019555133274145153,0.40064557891889724,-0.4199924096175017,1.5448030997680062,0.47950859905320237
unrate,-1,7,0.2981063283860152,0.593984962406015,-0.28425850072706577,1.412733980475942,0.14404285356921323,0.09751355313068782,0.564561070852785,-0.4979692213349258,1.7625539197495268,0.7342248458396299
unrate,-1,8,0.3271431584785642,0.593984962406015,-0.3150247163160736,1.6112910731576109,0.18252525124190533,0.09379003560485621,0.7039065658194062,-0.5655905879897685,2.0155307099169386,0.8057414829194264
unrate,-1,9,0.44469114337520826,0.593984962406015,-0.2979332723752213,1.7201118404067337,0.17590496329807742,0.23160419196512394,0.8209690625723094,-0.5648769978665271,2.1199864568161573,1.0952578160907904
unrate,-1,10,0.5310310964831901,0.593984962406015,-0.28778043050029234,1.8678586672440687,0.1890163494376813,0.3146284885650452,0.9543246674302193,-0.578100818901099,2.292674462656096,1.3079099228197089
unrate,-1,11,0.6379929517760908,0.593984962406015,-0.23289564586947625,2.0144727751831555,0.20546962956485293,0.42970022690994436,1.1062309295179005,-0.538287330019322,2.463868955091272,1.571353010855927
unrate,-1,12,0.6461332455657528,0.593984962406015,-0.2820383752768407,2.1029240307381962,0.2204315605898742,0.42464245719262006,1.1439368270588197,-0.6105919053481836,2.5828125324473636,1.5914022529675018
unrate,-1,13,0.6858238252414544,0.593984962406015,-0.28630510886187094,2.2821159437697083,0.24498349538656616,0.46550099043796944,1.2631046696155321,-0.6410390255799973,2.8067033553206953,1.6891586806872854
unrate,-1,14,0.736450903974463,0.593984962406015,-0.2986946282377866,2.361455747702063,0.28718744951357533,0.46267872841262725,1.4106552799348366,-0.6867397027695124,2.914449756507612,1.8138513005296955
unrate,-1,15,0.8572144155578041,0.593984962406015,-0.18650729185195186,2.427778422433762,0.30295690388997226,0.5605989063612842,1.567428605010848,-0.5882456060991226,2.970646398280832,2.1112873568368133
unrate,-1,16,0.8449291325245758,0.593984962406015,-0.2897291432403031,2.4621505560078165,0.32044354629578387,0.5516815197122049,1.6124223775567192,-0.7196347851908763,3.0206463875300615,2.0810291597364547
unrate,-1,17,0.9372736956828726,0.593984962406015,-0.24765947337336458,2.5959495491830267,0.3667363666848125,0.5973217209890953,1.8296735382386269,-0.7087810935289764,3.1861965253319324,2.308470398626334
unrate,-1,18,0.962621833343002,0.593984962406015,-0.2777520494573384,2.703450958061458,0.3530896541275052,0.6013310628061064,1.8074583721916766,-0.7500703576004604,3.304133002542575,2.370901922863319
unrate,-1,19,0.9679509594204566,0.593984962406015,-0.29737125030727507,2.6838317572115216,0.35637107675051244,0.6252371404528205,1.8131434636960506,-0.777204202196069,3.2773407095634055,2.38402736301705
unrate,-1,20,1.0126557650336083,0.593984962406015,-0.2678221370512909,2.8051101937757763,0.37032094474032823,0.6551395746697031,1.894406332925137,-0.7661138217525173,3.4225069240842148,2.4941336435087016
unrate,-1,21,1.0113349029080672,0.593984962406015,-0.30384607473443226,2.7690862560926353,0.36698663417465754,0.650762842816947,1.8937456710335934,-0.805241821428656,3.3707963681070403,2.490880409014313
unrate,-1,22,1.0250365234352252,0.593984962406015,-0.3167690478956886,2.8020279445855145,0.41339426931663054,0.6131811408079542,2.0082134358204153,-0.8440482010716416,3.4322610952655737,2.5246269929052763
unrate,-1,23,1.0225814559554594,0.593984962406015,-0.3623658551604283,2.894025122283181,0.41750265918852125,0.6071130248528287,2.0117712888864814,-0.9026079479747486,3.549349335143635,2.5185802526310384
unrate,-1,24,1.108846096712391,0.593984962406015,-0.3557433660191966,2.946512273078548,0.43655404740578413,0.6731600945398106,2.1469557729791884,-0.9246973558718479,3.604103963831619,2.731046867828666
pce,1,1,0.03875942966917536,0.6691729323308271,-0.38765156874359086,0.35549266630464643,0.034690081434282836,-0.010414247951910038,0.10123362122672817,-0.5330397542403781,0.4549965617357397,0.11715918513637098
pce,1,2,-0.007541230454547119,0.6691729323308271,-0.6369958077781319,0.44417670393642755,0.03720472180796602,-0.0729654139029834,0.046997770018610774,-0.851685763418041,0.585439941423075,0.022795082964881065
pce,1,3,0.026205445272168386,0.6691729323308271,-0.8330478654228887,0.6025036643234423,0.0616671543880511,-0.08341317153845211,0.12165652345658756,-1.1268765950853457,0.7861409012863778,0.07921191411814535
pce,1,4,0.06671050439957737,0.6691729323308271,-0.8295300027912035,0.666733576579298,0.06354963497930738,-0.04318191393391188,0.1672638680960779,-1.1403916955642464,0.8615213994914558,0.20164766102599527
pce,1,5,0.06992151027620691,0.6691729323308271,-0.9181629244703323,0.7518706399782975,0.07801198872786307,-0.07121933431149671,0.1809283191440918,-1.2559148714966348,0.9735855475736358,0.2113536560621709
pce,1,6,0.11948527211639101,0.6691729323308271,-0.9293495056334197,0.7950711092947426,0.10344205745859647,-0.05692832611718884,0.2700608232289464,-1.293091966559729,1.023018913831148,0.3611713907154547
pce,1,7,0.15214966990397305,0.6691729323308271,-0.8967050694168034,0.8287505935683002,0.10248848660909285,-0.03064433301020586,0.29523788290956826,-1.2624378353271086,1.0639393621760271,0.4599069567551913
pce,1,8,0.1902488600928435,0.6691729323308271,-0.9593887073149071,0.9266615107790198,0.11077608020806058,-0.008377977208423815,0.3524525605503404,-1.3595628834604003,1.181553344608743,0.5750704180079134
pce,1,9,0.22108421743568277,0.6691729323308271,-0.986468443009725,1.0633367648279635,0.1376105416679683,-0.02965847703584379,0.4193894700853579,-1.4054424264413483,1.3554811833330869,0.6682772936124047
pce,1,10,0.1407821476832568,0.6691729323308271,-1.082578299159532,1.119865544564672,0.13167330853859388,-0.11338263744203253,0.3043544534791232,-1.5024576680631947,1.4489168594393864,0.425546037315299
pce,1,11,0.163197588083018,0.6691729323308271,-1.009774699827883,1.140158178013983,0.1333767719169641,-0.08359169163180635,0.33093241027549714,-1.40979394296736,1.4725691076555585,0.49330180034184995
pce,1,12,0.20161509161353963,0.6691729323308271,-1.0081555672372262,1.1776632028440834,0.14737326995841296,-0.07430720776394789,0.39116750366693226,-1.429652304305991,1.507420783404703,0.6094274360136539
pce,1,13,0.23456630706732878,0.6691729323308271,-0.9817831044512024,1.2471229347723116,0.1597365330525355,-0.07876555894843129,0.4423081962178826,-1.409527731003876,1.586260653463176,0.7090299736353348
pce,1,14,0.23781549651834433,0.6691729323308271,-0.996453941458019,1.2533983571750786,0.1619114323859035,-0.0818538604873158,0.45926871727032464,-1.4334557828328058,1.5906528999887022,0.7188513872031772
pce,1,15,0.25970505306299013,0.6691729323308271,-0.9366160809665203,1.247075884675647,0.19535185069315045,-0.12213902101568808,0.5195591726275917,-1.372200416615097,1.5910194659415655,0.7850175467585838
pce,1,16,0.14741967330026923,0.6691729323308271,-1.0050011093402307,1.1769896916377542,0.22862766821695107,-0.29918863054653455,0.4474763024477606,-1.438155003596755,1.5497246120068464,0.44560946702126836
pce,1,17,0.15177188713435716,0.6691729323308271,-1.0585493404157091,1.1832307516752218,0.22855003051126901,-0.30982566852337096,0.4548436452371498,-1.5105700596268403,1.5578869719335398,0.4587650224743069
pce,1,18,0.18755011183824039,0.6691729323308271,-1.0407841530756494,1.150906226345725,0.21842584441894403,-0.24695262705523158,0.471062983896311,-1.4948267776762778,1.50820093567555,0.5669128380564994
pce,1,19,0.1909440620775058,0.6691729323308271,-1.079834712622149,1.1105061314078248,0.24292920597491527,-0.30088026920154987,0.47019983043607827,-1.5577674420593597,1.4704936688694359,0.5771718240070062
pce,1,20,0.10725226004429803,0.6691729323308271,-1.1783391729107004,1.1045995692140325,0.26462385682809786,-0.44105669448373447,0.42467681984292105,-1.6722436703981036,1.4928267620393212,0.32419433149753724
pce,1,21,0.019704100449966108,0.6691729323308271,-1.299204168692476,1.0645003576222738,0.27255372045251475,-0.556335611972818,0.29776669966789693,-1.8094619823663773,1.4690812122041748,0.05956012181467028
pce,1,22,0.052535614224837573,0.6691729323308271,-1.318070167777018,1.0911826637635078,0.262405812605787,-0.49317088078594834,0.34184962662196805,-1.8388494885776931,1.490363380084572,0.1588008339068954
pce,1,23,0.11489119440027624,0.6691729323308271,-1.314325645459926,1.1336514290491515,0.2752288410517618,-0.45303940138458243,0.4667697689798421,-1.8668979529445222,1.531651362967,0.34728474670992593
pce,1,24,0.0823721425788863,0.6691729323308271,-1.379751514082452,1.1477040465899673,0.28769728256368005,-0.5109469612253497,0.4190111705537459,-1.9473323443571922,1.566789158489908,0.24898852188617904
pce,-1,1,0.11746676178555239,0.593984962406015,-0.5028485656216789,0.4616577819941185,0.07468562960470758,0.05180574608924268,0.2752348641001334,-0.6898786478866554,0.5826664057620831,0.2893162836570086
pce,-1,2,0.18910663774718497,0.593984962406015,-0.7501062809579813,0.6531176172247447,0.11843951746723229,0.07951384942314521,0.45103694565559993,-1.034357366036366,0.8248241207365541,0.4657626448217703
pce,-1,3,0.32118679731853655,0.593984962406015,-0.9607646698358394,0.9023979538774836,0.14644506793044998,0.19596265243904615,0.6487462055242126,-1.3459924523622977,1.1184790092590837,0.7910711859882472
pce,-1,4,0.34844985860685557,0.593984962406015,-0.99188843099268,0.9500706826583964,0.1481456000602883,0.2356988855465365,0.6862819665883622,-1.3941547714008433,1.1755247918912404,0.8582190961983663
pce,-1,5,0.300577296722149,0.593984962406015,-1.134891479938193,1.0325988909419435,0.1544196852705657,0.16913540833476015,0.6485140709168221,-1.566525066149395,1.2934691612304157,0.7403107493341816
pce,-1,6,0.34786727651378685,0.593984962406015,-1.1528193613863464,1.0852584579885023,0.1828130250755902,0.1997499901944409,0.7827057055456437,-1.6093974991314774,1.3604035345855636,0.8567842180802526
pce,-1,7,0.3639581834377694,0.593984962406015,-1.114555308142633,1.1248658714763313,0.19069638894486823,0.22004617790758796,0.8243601411998858,-1.5692184793320552,1.4083819543109657,0.896415525874506
pce,-1,8,0.4737972119905216,0.593984962406015,-1.1558139788005644,1.2920384319170852,0.25042370977377665,0.2983205315886598,1.0752386097823898,-1.6664095750271313,1.6162294951602174,1.166944985087766
pce,-1,9,0.5997423217374889,0.593984962406015,-1.12956127671388,1.5308242057988641,0.29005714910446057,0.38687260224278397,1.2446092795864534,-1.6770991368845451,1.9041108315115272,1.4771431257608518
pce,-1,10,0.7478346293417989,0.593984962406015,-1.0797842296099307,1.7787067165002064,0.34311909351485087,0.48397438532957127,1.5058045780703135,-1.6720038815357339,2.2017294052556546,1.8418889944899857
pce,-1,11,0.7856647663963948,0.593984962406015,-0.9552724465402218,1.8350659693821998,0.3648834902249121,0.5221131943456772,1.6176640368534263,-1.534974514757979,2.2730820147316377,1.9350632209392682
pce,-1,12,0.8046790707522089,0.593984962406015,-0.9506705989325099,1.8862431239389772,0.3755040098650662,0.5121694298365276,1.661271795263922,-1.5372181892573362,2.3388818953497696,1.9818947483341438
pce,-1,13,0.8131261388442126,0.593984962406015,-0.9016809677907328,1.9911545299248914,0.3926072694490674,0.49427522304186056,1.7017211168753952,-1.4897750024605387,2.4717874994050186,2.002699564190375
pce,-1,14,0.7837935076475199,0.593984962406015,-0.9362632783697395,1.9837577900689616,0.376488745769394,0.46719567671861406,1.6386047280875362,-1.5224059760340358,2.464324783025056,1.930454379946669
pce,-1,15,0.8023858599684124,0.593984962406015,-0.8758570171570776,1.9582963850593522,0.35816787512051745,0.5171249459113934,1.6271823333487812,-1.452037474818528,2.427735562284392,1.9762466551073856
pce,-1,16,0.8055286910486332,0.593984962406015,-0.9011157532531922,1.9308297543990862,0.35449748123214686,0.5098768433858061,1.6284333745449708,-1.4979666309741448,2.410178954512314,1.9839873316568184
pce,-1,17,0.8003199884755047,0.593984962406015,-0.9422145799245841,1.9673297949168367,0.39307437871978296,0.47437322599828513,1.7139963698758065,-1.5588490884337052,2.470139702964816,1.971158490134113
pce,-1,18,0.743927186425529,0.593984962406015,-0.932451173714315,1.912083148513426,0.40446135048371745,0.40980883278920377,1.6697579151582096,-1.5367626577070808,2.4176929374365703,1.832265107307321
pce,-1,19,0.7369830249698083,0.593984962406015,-0.9668496932933284,1.8759331042774892,0.41185181507261776,0.4179867935373298,1.7207264395775619,-1.58330432280244,2.376069758151214,1.815161894833046
pce,-1,20,0.6642897527622429,0.593984962406015,-1.0735809251874322,1.8893821231021146,0.4248559841631538,0.2829706735022621,1.6280916714791445,-1.7197687128686463,2.413590939332069,1.6361210577292276
pce,-1,21,0.6932973289623177,0.593984962406015,-1.1012147159565138,1.966572009686034,0.4486993931220399,0.30535498765566493,1.7219567997233738,-1.7692958108631118,2.5093072228506084,1.7075656435553375
pce,-1,22,0.7077055105549941,0.593984962406015,-1.143497182326216,1.983405428822126,0.45474349170023487,0.33218669623626984,1.7678080939388106,-1.8208209458350333,2.532467160825424,1.7430524611817444
pce,-1,23,0.7037412817160164,0.593984962406015,-1.1870876462942273,1.990074088706916,0.4732788066085873,0.3076885655426038,1.8027347131051972,-1.8776865290723288,2.557442801843641,1.7332887123746326
pce,-1,24,0.6871611841634109,0.593984962406015,-1.235445882870545,2.0448687809808925,0.49133276008550236,0.29632674156553396,1.835368009221552,-1.9468787404972607,2.635568121428647,1.6924525461802524
